CREATE DATABASE CONSULTORIO_PEDRO;
USE CONSULTORIO_PEDRO;

CREATE TABLE ESTADO(
    ID_EST_PK int(5) NOT NULL AUTO_INCREMENT PRIMARY KEY,
    NOMBRE_EST char(50)
);

INSERT INTO `ESTADO` (`ID_EST_PK`, `NOMBRE_EST`) VALUES
(1, 'Aguascalientes'),
(2, 'Baja California'),
(3, 'Baja California Sur'),
(4, 'Campeche'),
(5, 'Chiapas'),
(6, 'Chihuahua'),
(7, 'Ciudad de México'),
(8, 'Coahuila'),
(9, 'Colima'),
(10, 'Durango'),
(11, 'Guanajuato'),
(12, 'Guerrero'),
(13, 'Hidalgo'),
(14, 'Jalisco'),
(15, 'México'),
(16, 'Michoacán'),
(17, 'Morelos'),
(18, 'Nayarit'),
(19, 'Nuevo León'),
(20, 'Oaxaca'),
(21, 'Puebla'),
(22, 'Querétaro'),
(23, 'Quintana Roo'),
(24, 'San Luis Potosí'),
(25, 'Sinaloa'),
(26, 'Sonora'),
(27, 'Tabasco'),
(28, 'Tamaulipas'),
(29, 'Tlaxcala'),
(30, 'Veracruz'),
(31, 'Yucatán'),
(32, 'Zacatecas');


CREATE TABLE PROFESIONES(
    ID_PROF_PK int(5) NOT NULL AUTO_INCREMENT PRIMARY KEY,
    NOM_PROF char(50),
    ESTAT_PROF char(1)
);


INSERT INTO `PROFESIONES` (`ID_PROF_PK`, `NOM_PROF`, `ESTAT_PROF`) VALUES
(1, 'AMA DE CASA', '1'),
(2, 'OBRERO', '0'),
(3, 'ABOGADO', '0'),
(4, 'CONTADOR', '0'),
(5, 'INGENIERIA CIVIL', '0'),
(6, 'ENFERMERO', '0'),
(7, 'ESTUDIANTE', '1'),
(8, 'ADMINISTRADOR DE EMPRESAS', '0'),
(9, 'ODONTOLOGO', '0'),
(10, 'COMERCIANTE', '1'),
(11, 'COMERCIANTE', '0'),
(12, 'COMERCIANTE', '0'),
(13, 'EMPLEADO', '1'),
(14, 'ESTUDANTE Y TRABAJADOR', '0'),
(15, 'TRABAJADOR EDUCACIÓN', '1'),
(16, 'JUBILADO', '0'),
(17, 'PROFESIONISTA', '1'),
(18, 'JUBILADO', '1'),
(19, 'ESTUDIA Y TRABAJA', '1');

CREATE TABLE ROL(
    ID_ROL_PK int(5) NOT NULL AUTO_INCREMENT PRIMARY KEY,
    NOM_ROL char(20)
);

INSERT INTO `ROL` (`ID_ROL_PK`, `NOM_ROL`) VALUES
(1, 'ADMINISTRADOR'),
(2, 'DOCTOR'),
(3, 'ASISTENTE'),
(4, 'PACIENTE');


CREATE TABLE USUARIO(
    ID_USR_PK int(5) NOT NULL AUTO_INCREMENT PRIMARY KEY,
    NOMBRE_USR char(50),
    PASSWORD_USR char(100),
    ID_ROL_FK int(5),
    FOREIGN KEY(ID_ROL_FK) REFERENCES ROL(ID_ROL_PK)
);

INSERT INTO `USUARIO` (`ID_USR_PK`, `NOMBRE_USR`, `PASSWORD_USR`, `ID_ROL_FK`) VALUES
(1, 'kuruladi90@gmail.com', '03ac674216f3e15c761ee1a5e255f067953623c8b388b4459e13f978d7c846f4', 1);

CREATE TABLE EMPLEADO(
    ID_EMP_PK int(5) NOT NULL AUTO_INCREMENT PRIMARY KEY,
    NOM_EMP char(50),
    APP_EMP char(50),
    APM_EMP char(50),
    GENERO_EMP char(1),
    TEL_EMP varchar(20),
    EMAIL_EMP char(100),
    SUELDO_EMP decimal(10,2),
    ESTAT_EMP char(1),
    FCH_REG_EMP date
);

CREATE TABLE PACIENTE(
    ID_PAC_PK int(5) NOT NULL AUTO_INCREMENT PRIMARY KEY,
    NOMBRE_PAC char(50),
    APP_PAC char(50),
    APM_PAC char(50),
    FECNAC_PAC date,
    ID_EST_FK int(5),
    DIRECCION_PAC varchar(100),
    GENERO_PAC char(1),
    ID_PROF_FK int(5),
    EST_CIVIL_PAC char(1),
    TEL_PAC varchar(20),
    CORREO_PAC char(100),
    OBSER_PAC varchar(100),
    ESTAT_PAC char(1),
    FCH_REG_PAC date,
    FOREIGN KEY(ID_EST_FK) REFERENCES ESTADO(ID_EST_PK),
    FOREIGN KEY(ID_PROF_FK) REFERENCES PROFESIONES(ID_PROF_PK)
);



CREATE TABLE ENFERMEDAD_PATOLOGICA(
    ID_ENFER_PK int(5) NOT NULL AUTO_INCREMENT PRIMARY KEY,
    NOMBRE_ENFER char(100),
    ALERT_ENFER char(1),
    ESTAT_ENFER char(1)
);

INSERT INTO `ENFERMEDAD_PATOLOGICA` (`ID_ENFER_PK`, `NOMBRE_ENFER`, `ALERT_ENFER`,`ESTAT_ENFER`) VALUES
(1, 'DIABETES', '1','1'),
(2, 'ASMA', '0','1'),
(3, 'CANCER', '0','1'),
(4, 'ENFERMEDEDADES RENALES', '0','1'),
(5, 'CONVULSIONES', '0','1'),
(6, 'HIPERTENECION', '1','1'),
(7, 'CARDIO PATIA', '0','1'),
(8, 'ALERGIAS', '1','1'),
(9, 'FINADO', '0','1'),
(10, 'TUBERCULOSIS', '0','1'),
(11, 'TRAUMATISMOS', '0','1'),
(12, 'INTERVENCIONES QUIRURGICAS', '0','1'),
(13, 'HEPATOPATIAS', '0','1'),
(14, 'ENFERMEDADES DE TRANSMISION SEXUAL', '0','1'),
(15, 'FIEBRE REUMATICA', '0','1'),
(16, 'OTROS', '0','0'),
(17, 'NINGUNA', '0','0'),
(18, 'PATOLOGíAS CARDIACAS', '1', '1');

CREATE TABLE PARIENTE_PACIENTE(
    ID_PAR_PK int(5) NOT NULL AUTO_INCREMENT PRIMARY KEY,
    NOMBRE_PAR char(15)
 );

INSERT INTO `PARIENTE_PACIENTE` (`ID_PAR_PK`, `NOMBRE_PAR`) VALUES
(1, 'MAMA'),
(2, 'PAPA'),
(3, 'Abuelo Paterno'),
(4, 'Abuela Paterno'),
(5, 'Abuelo Materno'),
(6, 'Abuela Materno');

CREATE TABLE REL_PAC_PAR(
    ID_PAC_FK int(5),
    ID_PAR_FK int(5),
    ID_ENFER_FK int(5),
    FOREIGN KEY(ID_PAC_FK) REFERENCES PACIENTE(ID_PAC_PK),
    FOREIGN KEY(ID_PAR_FK) REFERENCES PARIENTE_PACIENTE(ID_PAR_PK),
    FOREIGN KEY(ID_ENFER_FK) REFERENCES ENFERMEDAD_PATOLOGICA(ID_ENFER_PK)
);


CREATE TABLE REL_PAC_ENFER(
    ID_PAC_FK int(5),
    ID_ENFER_FK int(5),
    ALERTA_REL char(1),
    OBS_REL char(100),
    FOREIGN KEY(ID_PAC_FK) REFERENCES PACIENTE(ID_PAC_PK),
    FOREIGN KEY(ID_ENFER_FK) REFERENCES ENFERMEDAD_PATOLOGICA(ID_ENFER_PK)
);


CREATE TABLE DIENTE_NUM(
    ID_DIENTE_PK int(2) NOT NULL AUTO_INCREMENT PRIMARY KEY,
    NUM_DIENTE int(2)
);

INSERT INTO `DIENTE_NUM` (`ID_DIENTE_PK`, `NUM_DIENTE`) VALUES
(1, 11),
(2, 12),
(3, 13),
(4, 14),
(5, 15),
(6, 16),
(7, 17),
(8, 18),
(9, 21),
(10, 22),
(11, 23),
(12, 24),
(13, 25),
(14, 26),
(15, 27),
(16, 28),
(17, 31),
(18, 32),
(19, 33),
(20, 34),
(21, 35),
(22, 36),
(23, 37),
(24, 38),
(25, 41),
(26, 42),
(27, 43),
(28, 44),
(29, 45),
(30, 46),
(31, 47),
(32, 48),
(53, 51),
(54, 52),
(55, 53),
(56, 54),
(57, 55),
(58, 61),
(59, 62),
(60, 63),
(61, 64),
(62, 65),
(63, 71),
(64, 72),
(65, 73),
(66, 74),
(67, 75),
(68, 81),
(69, 82),
(70, 83),
(71, 84),
(72, 85);

CREATE TABLE PADECIMIENTO_DENTAL(
    ID_PAD_PK int(5) NOT NULL AUTO_INCREMENT PRIMARY KEY,
    DESC_PAD char(100),
    ESTAT_PAD char(1)
);

INSERT INTO `PADECIMIENTO_DENTAL` (`ID_PAD_PK`, `DESC_PAD`, `ESTAT_PAD`) VALUES
(1, 'ANODONCIA', '0'),
(2, 'DIENTES SUPERNUMERARIOS', '0'),
(3, 'ANOMALIAS DEL TAMAÑO Y DE LA FORMA DEL DIENTE', '0'),
(4, 'DIENTES MOTEADOS', '0'),
(5, 'ALTERACIONES EN LA FORMACION DENTARIA', '0'),
(6, 'ALTERACIONES HEREDITARIAS DE LA ESTRUCTURA DENTARIA, NO CLASIFICADAS EN OTRA PARTE', '1'),
(7, 'ALTERACIONES EN LA ERUPCION DENTARIA', '1'),
(8, 'SINDROME DE LA ERUPCION DENTARIA', '1'),
(9, 'OTROS TRASTORNOS DEL DESARROLLO DE LOS DIENTES', '1'),
(10, 'TRASTORNO DEL DESARROLLO DE LOS DIENTES, NO ESPECIFICADO', '1'),
(11, 'DIENTES INCLUIDOS', '1'),
(12, 'DIENTES IMPACTADOS', '1'),
(13, 'CARIES LIMITADA AL ESMALTE', '1'),
(14, 'CARIES DE LA DENTINA', '1'),
(15, 'CARIES DEL CEMENTO', '1'),
(16, 'CARIES DENTARIA DETENIDA', '1'),
(17, 'ODONTOCLASIA', '1'),
(18, 'OTRAS CARIES DENTALES', '1'),
(19, 'CARIES DENTAL, NO ESPECIFICADA', '1'),
(20, 'ATRICION EXCESIVA DE LOS DIENTES', '1'),
(21, 'ABRASION DE LOS DIENTES', '1'),
(22, 'EROSION DE LOS DIENTES', '1'),
(23, 'REABSORCION PATOLOGICA DE LOS DIENTES', '1'),
(24, 'HIPERCEMENTOSIS', '1'),
(25, 'ANQUILOSIS DENTAL', '1'),
(26, 'DEPOSITOS [ACRECIONES] EN LOS DIENTES', '1'),
(27, 'CAMBIOS POSTERUPTIVOS DEL COLOR DE LOS TEJIDOS DENTALES DUROS', '1'),
(28, 'OTRAS ENFERMEDADES ESPECIFICADAS DE LOS TEJIDOS DUROS DE LOS DIENTES', '1'),
(29, 'ENFERMEDAD NO ESPECIFICADA DE LOS TEJIDOS DENTALES DUROS', '1'),
(30, 'PULPITIS', '1'),
(31, 'NECROSIS DE LA PULPA', '1'),
(32, 'DEGENERACION DE LA PULPA', '1'),
(33, 'FORMACION ANORMAL DE TEJIDO DURO EN LA PULPA', '1'),
(34, 'PERIODONTITIS APICAL AGUDA ORIGINADA EN LA PULPA', '1'),
(35, 'PERIODONTITIS APICAL CRONICA', '1'),
(36, 'ABSCESO PERIAPICAL CON FISTULA', '1'),
(37, 'ABSCESO PERIAPICAL SIN FISTULA', '1'),
(38, 'QUISTE RADICULAR', '1'),
(39, 'OTRAS ENFERMEDADES Y LAS NO ESPECIFICADAS DE LA PULPA Y DEL TEJIDO PERIAPICAL', '1'),
(40, 'GINGIVITIS AGUDA', '1'),
(41, 'GINGIVITIS CRONICA', '1'),
(42, 'PERIODONTITIS AGUDA', '1'),
(43, 'PERIODONTITIS CRONICA', '1'),
(44, 'PERIODONTOSIS', '1'),
(45, 'OTRAS ENFERMEDADES PERIODONTALES', '1'),
(46, 'ENFERMEDAD DEL PERIODONTO, NO ESPECIFICADA', '1'),
(47, 'RETRACCION GINGIVAL', '1'),
(48, 'HIPERPLASIA GINGIVAL', '1'),
(49, 'LESIONES DE LA ENCIA Y DE LA ZONA EDENTULA ASOCIADAS CON TRAUMATISMO', '1'),
(50, 'OTROS TRASTORNOS ESPECIFICADOS DE LA ENCIA Y DE LA ZONA EDENTULA', '1'),
(51, 'TRASTORNO NO ESPECIFICADO DE LA ENCIA Y DE LA ZONA EDENTULA', '1'),
(52, 'ANOMALIAS EVIDENTES DEL TAMAÑO DE LOS MAXILARES', '1'),
(53, 'ANOMALIAS DE LA RELACION MAXILOBASILAR', '1'),
(54, 'ANOMALIAS DE LA RELACION ENTRE LOS ARCOS DENTARIOS', '1'),
(55, 'ANOMALIAS DE LA POSICION DEL DIENTE', '1'),
(56, 'MALOCLUSION DE TIPO NO ESPECIFICADO', '1'),
(57, 'ANOMALIAS DENTOFACIALES FUNCIONALES', '1'),
(58, 'TRASTORNOS DE LA ARTICULACION TEMPOROMAXILAR', '1'),
(59, 'OTRAS ANOMALIAS DENTOFACIALES', '1'),
(60, 'ANOMALIA DENTOFACIAL, NO ESPECIFICADA', '1'),
(61, 'EXFOLIACION DE LOS DIENTES DEBIDA A CAUSAS SISTEMICAS', '1'),
(62, 'PERDIDA DE DIENTES DEBIDA A ACCIDENTE, EXTRACCION O ENFERMEDAD PERIODONTAL LOCAL', '1'),
(63, 'ATROFIA DEL REBORDE ALVEOLAR DESDENTADO', '1'),
(64, 'RAIZ DENTAL RETENIDA', '1'),
(65, 'OTRAS AFECCIONES ESPECIFICADAS DE LOS DIENTES Y DE SUS ESTRUCTURAS DE SOSTEN', '1'),
(66, 'TRASTORNO DE LOS DIENTES Y DE SUS ESTRUTURAS DE SOSTEN, NO ESPECIFICADO', '1'),
(67, 'QUISTES ORIGINADOS POR EL DESARROLLO DE LOS DIENTES', '1'),
(68, 'QUISTES DE LAS FISURAS (NO ODONTOGENICOS)', '1'),
(69, 'OTROS QUISTES DE LOS MAXILARES', '1'),
(70, 'OTROS QUISTES DE LA REGION BUCAL, NO CLASIFICADOS EN OTRA PARTE', '1'),
(71, 'QUISTE DE LA REGION BUCAL, SIN OTRA ESPECIFICACION', '1'),
(72, 'TRASTORNOS DEL DESARROLLO DE LOS MAXILARES', '1'),
(73, 'GRANULOMA CENTRAL DE CELULAS GIGANTES', '1'),
(74, 'AFECCIONES INFLAMATORIAS DE LOS MAXILARES', '1'),
(75, 'ALVEOLITIS DEL MAXILAR', '1'),
(76, 'OTRAS ENFERMEDADES ESPECIFICADAS DE LOS MAXILARES', '1'),
(77, 'ENFERMEDAD DE LOS MAXILARES, NO ESPECIFICADA', '1'),
(78, 'ATROFIA DE GLANDULA SALIVAL', '1'),
(79, 'HIPERTROFIA DE GLANDULA SALIVAL', '1'),
(80, 'SIALADENITIS', '1'),
(81, 'ABSCESO DE GLANDULA SALIVAL', '1'),
(82, 'FISTULA DE GLANDULA SALIVAL', '1'),
(83, 'IALOLITIASIS', '1'),
(84, 'MUCOCELE DE GLANDULA SALIVAL', '1'),
(85, 'ALTERACIONES DE LA SECRECION SALIVAL', '1'),
(86, 'OTRAS ENFERMEDADES DE LAS GLANDULAS SALIVALES', '1'),
(87, 'ENFERMEDAD DE GLANDULA SALIVAL, NO ESPECIFICADA', '1'),
(88, 'ESTOMATITIS AFTOSA RECURRENTE', '1'),
(89, 'OTRAS FORMAS DE ESTOMATITIS', '1'),
(90, 'CELULITIS Y ABSCESO DE BOCA', '1'),
(91, 'CARIES ICDAS 0', '1'),
(92, 'CARIES ICDAS 1', '1'),
(93, 'CARIES ICDAS 1', '0'),
(94, 'CARIES ICDAS 2', '1'),
(95, 'CARIES ICDAS 3', '1'),
(96, 'CARIES ICDAS 4', '1'),
(97, 'CARIES ICDAS 4', '0'),
(98, 'CARIES ICDAS 5', '1'),
(99, 'CARIES ICDAS 6', '1'),
(100, 'RESTAURACIóN AMALGAMA DESAJUSTADA ó FRACTURADA', '1'),
(101, 'MALPOSCIóN DENTAL', '1'),
(102, 'RESTAURACIóN AMALGAMA DESAJUSTADA', '1'),
(103, 'RESTAURACIóN RESINA DESAJUSTADA', '1');


CREATE TABLE ADICCION(
    ID_ADIC_PK int(5) NOT NULL AUTO_INCREMENT PRIMARY KEY,
    NOM_ADIC char(50),
    ESTAT_ADIC char(1)
);

INSERT INTO `ADICCION` (`ID_ADIC_PK`, `NOM_ADIC`, `ESTAT_ADIC`) VALUES
(1, 'ALCOLISMO', '1'),
(2, 'TABAQUISMO', '1'),
(3, 'DROGAS', '1');


CREATE TABLE HABITOS(
    ID_PAC_FK int(5),
    NUM_COMI char(1),
    HIG_DENTAL char(1),
    HIL_DENTAL char(1),
    ENJ_DENTAL char(1),
    ADICCION char(1),
    NUM_SEP char(1),
    INGES_ALIME_DURO char(1),
    INGES_TEMP_ELEVAD char(1),
    INMU char(1),
    METOD_ANTI_CONCEP char(1),
    TRIME_EMBAR char(1),
    FOREIGN KEY(ID_PAC_FK) REFERENCES PACIENTE(ID_PAC_PK)
);


CREATE TABLE REL_ADIC_PER(
    ID_ADIC_FK int(5),
    ID_PAC_FK int(5),
    FOREIGN KEY(ID_ADIC_FK) REFERENCES ADICCION(ID_ADIC_PK),
    FOREIGN KEY(ID_PAC_FK) REFERENCES PACIENTE(ID_PAC_PK)
);


CREATE TABLE REL_PAD_DIENTE(
    ID_REL_PAD_DIENTE_PK int(5) NOT NULL,
    ID_PAC_FK int(5),
    ID_DIENTE_FK int(2),
    ID_PAD_FK int(5),
    FOREIGN KEY(ID_PAC_FK) REFERENCES PACIENTE(ID_PAC_PK),
    FOREIGN KEY(ID_DIENTE_FK) REFERENCES DIENTE_NUM(ID_DIENTE_PK),
    FOREIGN KEY(ID_PAD_FK) REFERENCES PADECIMIENTO_DENTAL(ID_PAD_PK)
);




CREATE TABLE DOCUMENTO_DOC(
    ID_DOC_PK int(5) NOT NULL AUTO_INCREMENT PRIMARY KEY,
    TXT_DOC longtext,
    USUARIO_MOD char(10),
    FECH_MOD date
);

CREATE TABLE AGENDA_CITA(ID_CITA_PK int(5) NOT NULL AUTO_INCREMENT PRIMARY KEY,
    FECH_CITA date,
    HORA_CITA char(5),
    ID_PAC_FK int(5),
    ID_EMP_FK int(5),
    ESTAT_CITA char(1),
    FOREIGN KEY(ID_PAC_FK) REFERENCES PACIENTE(ID_PAC_PK),
    FOREIGN KEY(ID_EMP_FK) REFERENCES EMPLEADO(ID_EMP_PK)
);


CREATE TABLE MENU(
    ID_MENU_PK int(3) NOT NULL AUTO_INCREMENT PRIMARY KEY,
    DSC_MENU char(50)
);

INSERT INTO `MENU` (`ID_MENU_PK`, `DSC_MENU`) VALUES
(1, 'HOME'),
(2, 'EMPLEADOS'),
(3, 'AGREGA EMPLEADO'),
(4, 'EDITAR EMPLEADO'),
(5, 'PACIENTES'),
(6, 'AGREGAR PACIENTE'),
(7, 'EDITAR PACIENTE'),
(8, 'SEGUIMIENTO PACIENTE'),
(9, 'PARAMETROS'),
(10, 'ENFERMEDADES'),
(11, 'TOXICOMANIAS'),
(12, 'PROFESIONES'),
(13, 'PADECIMIENTO DENTAL'),
(14, 'TERMINOS Y CONDICIONES'),
(15, 'REPORTES');


CREATE TABLE PERMISOS(
    ID_ROL_FK int(5),
    ID_MENU_FK int(3),
    FOREIGN KEY(ID_ROL_FK) REFERENCES ROL(ID_ROL_PK),
    FOREIGN KEY(ID_MENU_FK) REFERENCES MENU(ID_MENU_PK)
);


INSERT INTO `PERMISOS` (`ID_ROL_FK`, `ID_MENU_FK`) VALUES
(1, 1),
(1, 2),
(1, 3),
(1, 4),
(1, 5),
(1, 6),
(1, 7),
(1, 8),
(1, 9),
(1, 10),
(1, 11),
(1, 12),
(1, 13),
(1, 14),
(1, 15);



CREATE TABLE PROCEDIMIENTO(
    ID_PROC_PK int(4) NOT NULL AUTO_INCREMENT PRIMARY KEY,
    DSC_PROC varchar(100),
    ESTAT_PROC char(1)
);

INSERT INTO `PROCEDIMIENTO` (`ID_PROC_PK`, `DSC_PROC`, `ESTAT_PROC`) VALUES
(1, 'Operatoria Dental', '1'),
(2, 'Acceso dental (Urgencia)', '1'),
(3, 'Exodoncia / Cirugia', '1'),
(4, 'Protesis dental', '1'),
(5, 'Pulpotomia', '1'),
(6, 'Pulpectomia', '1'),
(7, 'Profilaxis', '1'),
(8, 'Curacion Dental', '1'),
(99, 'No atendida', '1');



CREATE TABLE DETALLE_CITA(
    ID_PAC_FK int(5),
    ID_CITA_FK int(5),
    TA varchar(10),
    FC varchar(10),
    FR varchar(10),
    ID_PROC_FK int(4),
    OBS_PROC LONGTEXT,
    FOREIGN KEY(ID_PAC_FK) REFERENCES PACIENTE(ID_PAC_PK),
    FOREIGN KEY(ID_CITA_FK) REFERENCES AGENDA_CITA(ID_CITA_PK),
    FOREIGN KEY(ID_PROC_FK) REFERENCES PROCEDIMIENTO(ID_PROC_PK)
);


CREATE TABLE `HIST_INGRESO` (
  `ID_USR_FK` int(5) DEFAULT NULL,
  `HORA_ING` char(5) COLLATE utf8_unicode_ci DEFAULT NULL,
  `FECH_ING` date DEFAULT NULL,
  FOREIGN KEY(ID_USR_FK) REFERENCES USUARIO(ID_USR_PK)
);


CREATE TABLE `CUENTA_PACIENTE` (
  `ID_CUENTA_PK` int(5) NOT NULL PRIMARY KEY,
  `ID_PAC_FK` int(5) DEFAULT NULL,
  `FECHA_CARGO` date DEFAULT NULL,
  `TOTAL_CUENTA` decimal(10,2) DEFAULT NULL,
  FOREIGN KEY(ID_PAC_FK) REFERENCES PACIENTE(ID_PAC_PK)

);


CREATE TABLE `CUENTA_PAC_ABONO` (
  `ID_ABONO_PK` int(5) NOT NULL,
  `ID_CUENTA_FK` int(5),
  `FECHA_ABONO` date,
  `MONTO_ABONO` decimal(10,2),
  FOREIGN KEY(ID_CUENTA_FK) REFERENCES CUENTA_PACIENTE(ID_CUENTA_PK)
);


--------------------------------------------------- VISTAS

CREATE OR REPLACE VIEW ESTADO_CUENTA_PACIENTE AS
    SELECT 
        LPAD(ID_CUENTA_PK, 5, '0') AS CUENTA,
        C.ID_PAC_FK,CONCAT(NOMBRE_PAC," ",APP_PAC," ", APM_PAC) AS PAC_NAME,
        FORMAT(TOTAL_CUENTA,2) AS TOTAL_CUENTA,
        FORMAT(COALESCE(SUM(MONTO_ABONO), 0),2) AS ABONADO,
        FORMAT((TOTAL_CUENTA-COALESCE(SUM(MONTO_ABONO),0)),2) AS RESTANTE 
    FROM 
        CUENTA_PACIENTE C 
    LEFT JOIN 
        CUENTA_PAC_ABONO B ON( C.ID_CUENTA_PK = B.ID_CUENTA_FK) 
    INNER JOIN 
        PACIENTE P ON(C.ID_PAC_FK = P.ID_PAC_PK)
    GROUP BY
        C.ID_CUENTA_PK;

/*
DROP USER 'pedroConsultorio'@'localhost';
DROP USER 'karenConsultorio'@'localhost';

CREATE USER 'pedroConsultorio'@'localhost' IDENTIFIED BY '1234';
GRANT ALL PRIVILEGES ON CONSULTORIO_PEDRO. * TO 'pedroConsultorio'@'localhost';

CREATE USER 'karenConsultorio'@'localhost' IDENTIFIED BY '1234';
GRANT ALL PRIVILEGES ON CONSULTORIO. * TO 'karenConsultorio'@'localhost';
*/